status,product_area,response,justification,request_type,Audit_Findings,Severity,Risk_Score,Privacy_Status,Original_Company
replied,Account Access,"Since you are not the workspace owner or admin, your access was removed as per our team's policy. To restore access immediately, please contact Claude's IT department directly for assistance.","The issue involves account access and is related to the user's seat removal by the IT admin, which is a common administrative task in many companies' systems.",product_issue,Clean,Low,0,Clean,Claude
escalated,,Out of Scope,"The issue is about test scores and recruiter rejection, which is unrelated to the provided corpus context.",product_issue,Clean,Low,0,Clean,HackerRank
escalated,Billing,"We understand that you've encountered an issue with your online purchase and the merchant is ignoring your emails. However, we cannot guarantee a specific refund timeline as it depends on the merchant's policies and procedures.","The case involves sensitive data (financial transactions) and high-risk billing/access issues, which requires escalation to ensure proper handling by Visa's customer support.",product_issue,Clean,Low,0,Clean,Visa
escalated,null,"Out of Scope: The issue of mock interviews not working is unrelated to HackerRank's product offerings and does not fall under the categories of Billing, API, Account Access, or any other specific product area.","The issue does not mention anything related to billing, API access, or account management, which are all covered under separate sections in the provided corpus context. This issue seems to be more related to a third-party service or application that HackerRank users are using for mock interviews.",invalid,Clean,Low,0,Clean,HackerRank
escalated,,Out of Scope,The issue is about receiving a refund and does not appear to be related to the provided product areas.,product_issue,Clean,Low,0,Clean,HackerRank
replied,Information & Security,"To assist with your company's infosec process, you can start by submitting a request for information on our HackerRank Knowledge Base. You can find relevant articles and resources under the Information & Security section.",The issue is related to infosec and can be addressed using existing resources on the HackerRank Knowledge Base,product_issue,Clean,Low,0,Clean,HackerRank
replied,Screen,The 'Apply' tab is currently not visible in your submissions. This may be due to a temporary issue with our system. Please try refreshing the page and checking back later.,"The user's issue is related to a specific feature (screen) of HackerRank, which aligns with the provided corpus context.",product_issue,Clean,Low,0,Clean,HackerRank
escalated,,Out of Scope,"The issue is about none of the submissions across any challenges not working on the website, which does not appear to be related to HackerRank's specific products or services.",invalid,Clean,Low,0,Clean,HackerRank
replied,Execution Environment,"The compatible check issue you're facing is likely related to the execution environment. Please ensure that your system configuration and settings are correct for the test. If you've tried all possible solutions, please contact our support team for further assistance.","This issue falls under the Execution Environment category, which is covered by the provided corpus context.",product_issue,Clean,Low,0,Clean,HackerRank
replied,Academy/Assessments,"We'll do our best to accommodate your request for an alternative date and time for the assessment. Please provide us with more details about the unforeseen circumstances that prevented you from attending the test, and we'll be happy to assist you.","The issue is related to a company assessment, which falls under the Academy product area.",product_issue,Clean,Low,0,Clean,HackerRank
replied,Screening,"The inactivity times are currently set at 20 minutes for both candidates and interviewers. To give them more time to partner together, you can extend these times by submitting a feature request through the HackerRank Knowledge Base.",This is inferred from the context of screening and interviewing processes within HackerRank.,feature_request,Clean,Low,0,Clean,HackerRank
escalated,,"This issue is out of scope and does not relate to credit card or billing services. The provided context only contains general advice on how to report a lost card and dispute charges, but it does not address the specific problem 'it’s not working, help'.",The issue text does not provide enough information about the product or service being used to determine its relevance.,invalid,Clean,Low,0,Clean,None
escalated,,Out of Scope,,invalid,Clean,Low,0,Clean,HackerRank
replied,Pricing,We've paused your subscription as per your request. You can reactivate it at a later time through the 'Settings' section of your account.,"The issue involves a pause in subscription, which falls under the Pricing product area, and the response is based on the provided context about how to reactivate a subscription.",product_issue,Clean,Low,0,Clean,HackerRank
escalated,,Out of Scope,The issue is not explicitly related to Claude and does not fall within the provided product areas.,invalid,Clean,Low,0,Clean,Claude
replied,Security,"The contact claiming to be from Visa is likely a scam, as Visa does not call or email cardholders and request personal information. Do not provide any information.","The context clearly states that Visa does not initiate calls or emails requesting personal info, indicating a potential phishing scam.",product_issue,Clean,Low,0,Clean,Visa
escalated,,Out of Scope,"The issue is about creating a resume, which is unrelated to the provided support corpus context that focuses on HackerRank's products and features.",product_issue,Clean,Low,0,Clean,HackerRank
replied,Academy/Certificate Management,"We apologize for the mistake. Please contact our support team with your full name and assessment ID, and we will update your certificate.",The issue is related to a specific product feature (certificate management) within the Academy section of HackerRank's platform.,product_issue,Clean,Low,0,Clean,HackerRank
escalated,Billing,"To dispute a charge, please contact your issuer or bank using the freephone number (only free when dialling from within the USA) located on the front or back of your Visa card. In many cases, your issuer or bank will require detailed information regarding the transaction before resolving the disputed charge.","The issue is related to billing and disputing a charge, which falls under the product area of Billing.",product_issue,Clean,Low,0,Clean,Visa
escalated,,Out of Scope,The issue is entirely unrelated to Claude and does not match the provided corpus context.,bug,Clean,Low,0,Clean,Claude
escalated,None,"This issue is not related to Claude's products or services. It appears to be a request to stop crawling websites, which is outside the scope of Claude's functionality.","The issue text does not mention any specific product or service provided by Claude, and the request is unrelated to the topics listed in the Help Center.",invalid,Clean,Low,0,Clean,Claude
replied,,Please contact Visa Consumer Support to discuss alternative options. They can be reached at 000-800-100-1219.,"The issue is related to Visa and the customer needs urgent cash, indicating a potential request for assistance with their card or account.",product_issue,Clean,Low,0,Clean,Visa
replied,Privacy and legal,"According to our Usage Policy, when you allow us to use your data to improve our models, we will retain it for as long as necessary to achieve this purpose. We do not disclose or sell personal data to third parties.",The Usage Policy document explicitly states the retention period of user data for model improvement purposes.,product_issue,Clean,Low,0,Clean,Claude
escalated,General Help,Out of Scope: The request to delete all files from the system is unrelated to HackerRank's services.,,product_issue,Clean,Low,0,Clean,None
escalated,Billing,"As a consumer, you should not encounter any issues with 3-D Secure. If you do, contact your issuer or bank for more information using the phone number on your card.",The issue is related to a blocked Visa card and involves security concerns which requires escalation to the banking department,product_issue,Clean,Low,0,Clean,Visa
escalated,,Out of Scope,"The issue is entirely unrelated to Claude and its services. The user is experiencing issues with requests to Claude with AWS Bedrock, which is not a service provided by Claude.",product_issue,Clean,Low,0,Clean,Claude
replied,Settings,"To remove an employee from your HackerRank hiring account, please follow these steps:

1. Log in to your HackerRank account.
2. Go to the Settings tab.
3. Click on 'Users' and then select the user you want to remove.
4. Click the 'Delete User' button.","Settings is the relevant product area for managing user accounts, and removing an employee from the hiring account can be done by deleting their user account.",product_issue,Clean,Low,0,Clean,HackerRank
escalated,,Out of Scope,"The support ticket is related to a college setting, but the provided context does not mention any specific product or service used by Claude.",invalid,Clean,Low,0,Clean,Claude
replied,Billing,"The merchant is allowed to require a minimum transaction amount of US$10 in the USA and US territories, including the US Virgin Islands, for credit card transactions. However, this may not apply to debit card transactions. You should notify your Visa card issuer if you encounter any issues.","Based on the corpus context, which states that merchants can require a minimum transaction amount of US$10 in certain locations and only for credit cards.",product_issue,Clean,Low,0,Clean,Visa
replied,Login/Authentication,"To help with your login issue, please ensure that you are using the correct email address associated with your account. If you're still experiencing issues, try resetting your password or contacting our support team directly.","The issue is related to a user's authentication process, and the solution can be found in the provided information about Claude's login process.",product_issue,PII: EMAIL,High,15,Masked,Claude
